{
"skeleton": {
	"hash": "AcwZfEayln1yHggScLrbydIEouA",
	"spine": "3.8.75",
	"x": 550.69,
	"y": -721.85,
	"width": 154.54,
	"height": 136.98,
	"images": "./images/",
	"audio": "D:/исходники/VFX/BABAH/sek"
},
"bones": [
	{ "name": "root" }
],
"slots": [
	{ "name": "light2", "bone": "root", "color": "fffbc068", "attachment": "light2", "blend": "additive" },
	{ "name": "Sek_00001", "bone": "root", "attachment": "Sek_00002" }
],
"skins": [
	{
		"name": "default",
		"attachments": {
			"light2": {
				"light2": {
					"type": "mesh",
					"uvs": [ 1, 1, 0, 1, 0, 0, 1, 0 ],
					"triangles": [ 1, 2, 3, 1, 3, 0 ],
					"vertices": [ 550.69, -584.87, 705.23, -584.87, 705.23, -721.85, 550.69, -721.85 ],
					"hull": 4,
					"edges": [ 0, 2, 2, 4, 4, 6, 0, 6 ],
					"width": 1100,
					"height": 975
				}
			},
			"Sek_00001": {
				"Sek_00001": { "x": 632.04, "y": -652.45, "width": 25, "height": 36 },
				"Sek_00002": { "x": 632.41, "y": -648.93, "width": 30, "height": 46 },
				"Sek_00003": { "x": 634.15, "y": -639.55, "width": 42, "height": 67 },
				"Sek_00004": { "x": 635.68, "y": -629.25, "width": 55, "height": 89 },
				"Sek_00005": { "x": 637.79, "y": -622.84, "width": 72, "height": 106 },
				"Sek_00006": { "x": 639.82, "y": -622.5, "width": 86, "height": 111 },
				"Sek_00007": { "x": 641.3, "y": -622.79, "width": 106, "height": 113 },
				"Sek_00008": { "x": 643.07, "y": -604.45, "width": 128, "height": 153 },
				"Sek_00009": { "x": 637.56, "y": -596.2, "width": 161, "height": 172 },
				"Sek_00010": { "x": 639.92, "y": -592.76, "width": 214, "height": 185 },
				"Sek_00011": { "x": 641.62, "y": -588.61, "width": 260, "height": 198 },
				"Sek_00012": { "x": 645.08, "y": -578.99, "width": 301, "height": 210 },
				"Sek_00013": { "x": 648.88, "y": -569.95, "width": 337, "height": 226 },
				"Sek_00014": { "x": 650.99, "y": -561.2, "width": 354, "height": 244 },
				"Sek_00015": { "x": 643.8, "y": -552.66, "width": 395, "height": 261 },
				"Sek_00016": { "x": 643.2, "y": -543.91, "width": 479, "height": 279 },
				"Sek_00017": { "x": 642.41, "y": -535.58, "width": 547, "height": 295 },
				"Sek_00018": { "x": 636.52, "y": -527.54, "width": 264, "height": 313 },
				"Sek_00019": { "x": 638.46, "y": -518.79, "width": 248, "height": 331 },
				"Sek_00020": { "x": 641.48, "y": -510.88, "width": 237, "height": 345 },
				"Sek_00021": { "x": 643.27, "y": -504.23, "width": 242, "height": 353 },
				"Sek_00022": { "x": 646.12, "y": -496.97, "width": 198, "height": 347 },
				"Sek_00023": { "x": 652.06, "y": -489.76, "width": 190, "height": 334 },
				"Sek_00024": { "x": 648.05, "y": -367.05, "width": 84, "height": 90 },
				"Sek_00025": { "x": 647.55, "y": -347.55, "width": 83, "height": 51 },
				"Sek_00026": { "x": 645.63, "y": -337.55, "width": 82, "height": 31 }
			}
		}
	}
],
"animations": {
	"animation": {
		"slots": {
			"light2": {
				"color": [
					{ "time": 0.7, "color": "fffbc0b0" },
					{ "time": 0.7667, "color": "fffbc000" }
				]
			},
			"Sek_00001": {
				"attachment": [
					{ "name": "Sek_00001" },
					{ "time": 0.0333, "name": "Sek_00002" },
					{ "time": 0.0667, "name": "Sek_00004" },
					{ "time": 0.1, "name": "Sek_00005" },
					{ "time": 0.1333, "name": "Sek_00006" },
					{ "time": 0.1667, "name": "Sek_00008" },
					{ "time": 0.2, "name": "Sek_00009" },
					{ "time": 0.2333, "name": "Sek_00010" },
					{ "time": 0.2667, "name": "Sek_00012" },
					{ "time": 0.3, "name": "Sek_00013" },
					{ "time": 0.3333, "name": "Sek_00014" },
					{ "time": 0.3667, "name": "Sek_00015" },
					{ "time": 0.4, "name": "Sek_00016" },
					{ "time": 0.4333, "name": "Sek_00017" },
					{ "time": 0.4667, "name": "Sek_00018" },
					{ "time": 0.5, "name": "Sek_00019" },
					{ "time": 0.5333, "name": "Sek_00020" },
					{ "time": 0.5667, "name": "Sek_00021" },
					{ "time": 0.6, "name": "Sek_00022" },
					{ "time": 0.6333, "name": "Sek_00023" },
					{ "time": 0.6667, "name": "Sek_00024" },
					{ "time": 0.7, "name": "Sek_00025" },
					{ "time": 0.7333, "name": "Sek_00026" },
					{ "time": 0.7667, "name": null }
				]
			}
		},
		"deform": {
			"default": {
				"light2": {
					"light2": [
						{
							"vertices": [ 61.68701, -54.67712, -61.68701, -54.67712, -61.68701, 54.67719, 61.68701, 54.67719 ]
						},
						{
							"time": 0.2667,
							"vertices": [ -99.27252, 146.4682, 108.44885, 146.4682, 108.44885, -37.6485, -99.27252, -37.6485 ]
						},
						{
							"time": 0.4,
							"vertices": [ -146.95453, 134.418, 175.55682, 134.418, 175.55682, -37.6485, -146.95453, -37.6485 ]
						},
						{
							"time": 0.5333,
							"vertices": [ -99.27252, 309.1482, 108.44885, 309.1482, 108.44885, -37.6485, -99.27252, -37.6485 ]
						},
						{
							"time": 0.6667,
							"vertices": [ 12.97964, 291.85825, -38.42499, 293.0202, -52.28491, 243.51352, 77.74387, 243.02356 ]
						},
						{
							"time": 0.7,
							"vertices": [ 29.11563, 267.73026, -22.289, 268.8922, -57.95697, 313.8455, 72.07181, 313.35553 ]
						}
					]
				}
			}
		}
	}
}
}